,acc,f1,rec,prec,auc,mae,mse,ccc,krcc,pcc,r2s,rse,scc
0,0.6854838728904724,0.6548672318458557,0.6491228342056274,0.6607142686843872,0.7391987442970276,0.5202862925098836,0.4602763706074917,0.4515650800702256,0.41545748710632324,0.5350466834244155,0.2858958887564327,0.7141041112435673,0.5868993575957564
