,acc,f1,rec,prec,auc,mae,mse,ccc,krcc,pcc,r2s,rse,scc
0,0.7833333611488342,0.8433734774589539,0.8467742204666138,0.8399999737739563,0.8283409476280212,0.6737683845524998,0.7384940247044957,0.6176228025574266,0.4934717118740082,0.7165648365497415,0.4789558726052827,0.5210441273947173,0.6708812572457921
