,acc,f1,rec,prec,auc,mae,mse,ccc,krcc,pcc,r2s,rse,scc
0,0.7377278804779053,0.6770293712615967,0.7153284549713135,0.6426229476928711,0.8247093558311462,0.5371629750320457,0.4837438511040628,0.6155363716108927,0.4885254502296448,0.7217170044887521,0.48001288325361513,0.5199871167463849,0.6682293250248336
