,acc,f1,rec,prec,auc,mae,mse,ccc,krcc,pcc,r2s,rse,scc
0,0.7674418687820435,0.800000011920929,0.8333333134651184,0.7692307829856873,0.890350878238678,0.5401442126367156,0.5254257916707453,0.6714496225413066,0.5778177380561829,0.7817251028847587,0.5579133778470755,0.44208662215292444,0.7811143478271407
