,acc,f1,rec,prec,auc,mae,mse,ccc,krcc,pcc,r2s,rse,scc
0,0.7671809196472168,0.7046263217926025,0.864628791809082,0.5945945978164673,0.87547367811203,0.4828222646195127,0.36300215217981857,0.6998610745672597,0.5190402865409851,0.7597878713773054,0.5132816151778692,0.48671838482213087,0.7038793558831161
