,acc,f1,rec,prec,auc,mae,mse,ccc,krcc,pcc,r2s,rse,scc
0,0.6693548560142517,0.6870229244232178,0.7627118825912476,0.625,0.7543677091598511,0.4935089518821532,0.34629497160981365,0.6224244933111098,0.4498927593231201,0.6533662004047648,0.358155035783974,0.641844964216026,0.615083443286056
