,acc,f1,rec,prec,auc,mae,mse,ccc,krcc,pcc,r2s,rse,scc
0,0.7906976938247681,0.8363636136054993,0.9583333134651184,0.7419354915618896,0.9517543315887451,0.4950862460231222,0.40209269073626325,0.8000925004190232,0.6804417371749878,0.829633796515973,0.6750601123989401,0.3249398876010598,0.8429085002954774
