,acc,f1,rec,prec,auc,mae,mse,ccc,krcc,pcc,r2s,rse,scc
0,0.7444444298744202,0.817460298538208,0.9449541568756104,0.7202796936035156,0.8276262879371643,0.7282457641218116,0.8309102907444329,0.6485989231622576,0.5297856330871582,0.7083817118235607,0.496106384936283,0.503893615063717,0.7213678608602784
