,acc,f1,rec,prec,auc,mae,mse,ccc,krcc,pcc,r2s,rse,scc
0,0.6511628031730652,0.7169811129570007,0.7916666865348816,0.6551724076271057,0.6820175051689148,0.623288450809513,0.5342986130940864,0.39471273197218787,0.2811005413532257,0.49386618884039785,0.2398815659029041,0.7601184340970959,0.4300661491469934
