,acc,f1,rec,prec,auc,mae,mse,ccc,krcc,pcc,r2s,rse,scc
0,0.6777777671813965,0.591549277305603,0.5185185074806213,0.688524603843689,0.783514142036438,0.6931341038679577,0.7705260880083311,0.48824799640875693,0.3533147871494293,0.5637497762099773,0.3049375672406298,0.6950624327593702,0.5135064783122647
