,acc,f1,rec,prec,auc,mae,mse,ccc,krcc,pcc,r2s,rse,scc
0,0.6209677457809448,0.6356589198112488,0.694915235042572,0.5857142806053162,0.6902216672897339,0.5927101539762907,0.6358743653840286,0.275743838239979,0.26615041494369507,0.30711244230023105,-0.025184202134356903,1.025184202134357,0.3796558428514965
