,acc,f1,rec,prec,auc,mae,mse,ccc,krcc,pcc,r2s,rse,scc
0,0.7166900634765625,0.751842737197876,0.7866324186325073,0.7200000286102295,0.7824828028678894,0.6222341624681251,0.6616397198596746,0.5667503077129796,0.41558462381362915,0.6107832054731028,0.3688061865701031,0.6311938134298969,0.5884588774751317
