,acc,f1,rec,prec,auc,mae,mse,ccc,krcc,pcc,r2s,rse,scc
0,0.7055555582046509,0.6708074808120728,0.6352941393852234,0.7105262875556946,0.802600622177124,0.5543974433005703,0.5099357973380166,0.6086970426320657,0.47693145275115967,0.6686005511975831,0.43633112364741544,0.5636688763525847,0.6529809937510941
