,acc,f1,rec,prec,auc,mae,mse,ccc,krcc,pcc,r2s,rse,scc
0,0.7580645084381104,0.7857142686843872,0.7971014380455017,0.7746478915214539,0.8226613998413086,0.4794856784177306,0.3644338053864759,0.5816807123043766,0.4630359709262848,0.6245692440527176,0.38531751957451554,0.6146824804254845,0.6484889023052454
