,acc,f1,rec,prec,auc,mae,mse,ccc,krcc,pcc,r2s,rse,scc
0,0.8604651093482971,0.8888888955116272,0.8571428656578064,0.9230769276618958,0.9238094687461853,0.5022283227005265,0.405149901442687,0.5817278719742548,0.5755867958068848,0.7434354123641194,0.48420368026878935,0.5157963197312107,0.7602644870921028
