,acc,f1,rec,prec,auc,mae,mse,ccc,krcc,pcc,r2s,rse,scc
0,0.8218793869018555,0.8437884449958801,0.8511165976524353,0.8365853428840637,0.8975105881690979,0.4918021699860573,0.41954463581789364,0.7391009860628436,0.5818436741828918,0.7923597317074973,0.6156429150542344,0.38435708494576554,0.7777552919525889
