,acc,f1,rec,prec,auc,mae,mse,ccc,krcc,pcc,r2s,rse,scc
0,0.8666666746139526,0.6363636255264282,0.6000000238418579,0.6774193644523621,0.8866995573043823,0.7062036433758441,0.7358723254639005,0.5963005325314172,0.4151231348514557,0.6769899857329579,0.3738615910601035,0.6261384089398965,0.5730749089107547
