,acc,f1,rec,prec,auc,mae,mse,ccc,krcc,pcc,r2s,rse,scc
0,0.6744186282157898,0.7200000286102295,0.75,0.692307710647583,0.6973683834075928,0.6066289632745318,0.6682679588469987,0.01755283816930373,0.055773913860321045,0.029846866669899906,-0.08778640423891315,1.0877864042389132,0.1028139871753132
