,acc,f1,rec,prec,auc,mae,mse,ccc,krcc,pcc,r2s,rse,scc
0,0.725806474685669,0.7820512652397156,0.7439024448394775,0.8243243098258972,0.7523228526115417,0.4607196021865166,0.3607839627571438,0.43267414253983355,0.3599930703639984,0.6236993500394705,0.2845979150944731,0.7154020849055269,0.5077226916313938
