,acc,f1,rec,prec,auc,mae,mse,ccc,krcc,pcc,r2s,rse,scc
0,0.6521739363670349,0.6728231906890869,0.702479362487793,0.6455696225166321,0.734041690826416,0.5085649487833434,0.43084869122527186,0.6812474494506978,0.3793073296546936,0.734990214475536,0.5344794622067588,0.4655205377932412,0.5302497882573279
