,acc,f1,rec,prec,auc,mae,mse,ccc,krcc,pcc,r2s,rse,scc
0,0.9166666865348816,0.9514563083648682,0.9363057613372803,0.9671052694320679,0.9338133931159973,0.4767275870831011,0.36813958369858474,0.7666333779180836,0.5876143574714661,0.7976907185631896,0.5992323713498322,0.4007676286501678,0.7678665680898095
