,acc,f1,rec,prec,auc,mae,mse,ccc,krcc,pcc,r2s,rse,scc
0,0.6976743936538696,0.7868852615356445,0.8275862336158752,0.75,0.6945812702178955,0.5056092178837438,0.40080750681751104,0.540040958394608,0.3257196545600891,0.5479423595093528,0.17582158201805054,0.8241784179819495,0.46103876835483937
