,acc,f1,rec,prec,auc,mae,mse,ccc,krcc,pcc,r2s,rse,scc
0,0.7755960822105408,0.6875,0.6795367002487183,0.695652186870575,0.8642865419387817,0.44128242039956017,0.32084296793132727,0.7126278794152789,0.525945782661438,0.7379117675078182,0.5403949433523635,0.4596050566476365,0.7165510003838063
