,acc,f1,rec,prec,auc,mae,mse,ccc,krcc,pcc,r2s,rse,scc
0,0.7580645084381104,0.7916666865348816,0.7808219194412231,0.8028169274330139,0.8342733979225159,0.43205819137087054,0.2901887848014636,0.6542316940409061,0.4809107780456543,0.6880392874717203,0.4716511873058119,0.5283488126941881,0.6682098940344935
