,acc,f1,rec,prec,auc,mae,mse,ccc,krcc,pcc,r2s,rse,scc
0,0.7755960822105408,0.7694524526596069,0.8140243887901306,0.7295082211494446,0.8663684129714966,0.41668138393387344,0.30067705743474754,0.84020713215481,0.5757817029953003,0.8504055011314935,0.7206576051539049,0.2793423948460952,0.758268524625833
