,acc,f1,rec,prec,auc,mae,mse,ccc,krcc,pcc,r2s,rse,scc
0,0.8064516186714172,0.8421052694320679,0.8648648858070374,0.8205128312110901,0.9005404710769653,0.374951801832135,0.25566453127458916,0.7725680519587278,0.5899995565414429,0.7891496668046558,0.6221533810843101,0.3778466189156899,0.7738711028334593
