,acc,f1,rec,prec,auc,mae,mse,ccc,krcc,pcc,r2s,rse,scc
0,0.8139534592628479,0.8571428656578064,0.8275862336158752,0.8888888955116272,0.8325122594833374,0.45801167639771356,0.4044841212568601,0.6366602619214468,0.481886625289917,0.6433730278039695,0.36441141831269663,0.6355885816873034,0.6269311385510097
