,acc,f1,rec,prec,auc,mae,mse,ccc,krcc,pcc,r2s,rse,scc
0,0.800000011920929,0.8235294222831726,0.8484848737716675,0.800000011920929,0.8564658164978027,0.5306311121427743,0.6505588394947499,0.7551352401767273,0.5774165987968445,0.7829163452485535,0.5936308363841056,0.4063691636158943,0.7330105428757976
