,acc,f1,rec,prec,auc,mae,mse,ccc,krcc,pcc,r2s,rse,scc
0,0.7016128897666931,0.7259259223937988,0.7313432693481445,0.720588207244873,0.7588373422622681,0.5097701993600485,0.4030167571896826,0.4553930602808206,0.38706812262535095,0.5514047544723989,0.30226575749749984,0.6977342425025002,0.5573367538113919
