,acc,f1,rec,prec,auc,mae,mse,ccc,krcc,pcc,r2s,rse,scc
0,0.7545582056045532,0.7360482811927795,0.7305389046669006,0.7416413426399231,0.8440941572189331,0.5502961115963124,0.48028307575015355,0.642796769356776,0.5372262597084045,0.7508185183098137,0.5251268804557216,0.4748731195442784,0.7229655500918659
