,acc,f1,rec,prec,auc,mae,mse,ccc,krcc,pcc,r2s,rse,scc
0,0.7333333492279053,0.7757009267807007,0.7757009267807007,0.7757009267807007,0.8279349207878113,0.7044420908305032,0.7316720625013198,0.6462567847136935,0.5117530226707458,0.7490476063911597,0.5230602246759747,0.4769397753240253,0.7030951467744158
