,acc,f1,rec,prec,auc,mae,mse,ccc,krcc,pcc,r2s,rse,scc
0,0.8139534592628479,0.8333333134651184,0.9523809552192688,0.7407407164573669,0.9047619104385376,0.5328680538923567,0.4207075054107262,0.7144289338189326,0.6068201661109924,0.8086945139488203,0.5987968714380991,0.4012031285619008,0.7876110435634206
