,acc,f1,rec,prec,auc,mae,mse,ccc,krcc,pcc,r2s,rse,scc
0,0.7580645084381104,0.8295454382896423,0.8902438879013062,0.7765957713127136,0.8228803277015686,0.5461683763258207,0.4560545288611598,0.5649470051909518,0.48984816670417786,0.6914799905696835,0.4467845306748882,0.5532154693251118,0.6732739022841521
