,acc,f1,rec,prec,auc,mae,mse,ccc,krcc,pcc,r2s,rse,scc
0,0.8372092843055725,0.89552241563797,0.9375,0.8571428656578064,0.8096590638160706,0.5167344383321896,0.4278454620563733,0.6068075867119701,0.44619131088256836,0.6671260595336901,0.43495413059333865,0.5650458694066613,0.579263522160398
