,acc,f1,rec,prec,auc,mae,mse,ccc,krcc,pcc,r2s,rse,scc
0,0.8277778029441833,0.8864468932151794,0.9527559280395508,0.8287671208381653,0.9162086248397827,0.5940869318133696,0.5813633542428084,0.7037735496857845,0.5585134625434875,0.7528015112175869,0.5429874509994467,0.4570125490005534,0.7524191283778082
