,acc,f1,rec,prec,auc,mae,mse,ccc,krcc,pcc,r2s,rse,scc
0,0.730715274810791,0.707317054271698,0.7733333110809326,0.6516854166984558,0.8287893533706665,0.4979937847036207,0.3972738204948608,0.6906833505223184,0.5067271590232849,0.7542929418096447,0.5396136531376683,0.46038634686233176,0.687342799059133
