,acc,f1,rec,prec,auc,mae,mse,ccc,krcc,pcc,r2s,rse,scc
0,0.774193525314331,0.6410256624221802,0.7142857313156128,0.5813953280448914,0.8131621479988098,0.5353080623232488,0.5476569782354388,0.3485328492447833,0.37103337049484253,0.44840067900143166,0.18444824863808085,0.8155517513619192,0.5293887157399391
