,acc,f1,rec,prec,auc,mae,mse,ccc,krcc,pcc,r2s,rse,scc
0,0.7611111402511597,0.7860696315765381,0.7821782231330872,0.7900000214576721,0.844341516494751,0.6884797212274065,0.8252118968540627,0.5967305590662344,0.45902320742607117,0.6905403820550695,0.46201841232741325,0.5379815876725867,0.6378000311195118
