,acc,f1,rec,prec,auc,mae,mse,ccc,krcc,pcc,r2s,rse,scc
0,0.7545582056045532,0.6588693857192993,0.665354311466217,0.6525096297264099,0.8173922896385193,0.5067004179746261,0.44886344963091457,0.6092742246846957,0.44846436381340027,0.7048677539896957,0.4742283883409065,0.5257716116590935,0.6258093783814901
