,acc,f1,rec,prec,auc,mae,mse,ccc,krcc,pcc,r2s,rse,scc
0,0.8837209343910217,0.8888888955116272,1.0,0.800000011920929,0.9521738886833191,0.5498192813218205,0.4910837504668319,0.7161695693461217,0.5755867958068848,0.8026284180361004,0.6040746614411139,0.3959253385588862,0.7749953669592492
